siteid,sitename,monitordate,aqi,so2subindex,cosubindex,o3subindex,pm10subindex,no2subindex,o38subindex,pm25subindex
85,大城,2022-12-12,40,2,2,,20,8,40,30
84,富貴角,2022-12-12,44,0,1,,40,3,44,38
83,麥寮,2022-12-12,32,5,2,,29,17,,32
80,關山,2022-12-12,35,2,2,,7,10,35,13
78,馬公,2022-12-12,42,0,1,,25,5,40,42
77,金門,2022-12-12,61,8,5,,40,25,30,61
75,馬祖,2022-12-12,63,0,2,,32,8,38,63
72,埔里,2022-12-12,46,5,5,,18,22,46,28
71,復興,2022-12-12,52,2,8,,42,42,,52
70,永和,2022-12-12,39,0,6,,17,33,,39
69,竹山,2022-12-12,36,2,2,,17,23,36,23
68,中壢,2022-12-12,54,2,10,,21,54,,41
67,三重,2022-12-12,60,2,14,,20,60,,33
66,冬山,2022-12-12,36,2,3,,7,23,36,8
65,宜蘭,2022-12-12,37,2,3,,7,22,37,12
64,陽明,2022-12-12,40,2,2,,6,2,40,6
63,花蓮,2022-12-12,47,2,3,,14,47,37,14
62,臺東,2022-12-12,37,0,2,,13,13,37,10
61,恆春,2022-12-12,44,2,2,,6,2,44,9
60,潮州,2022-12-12,66,2,5,,48,32,50,66
59,屏東,2022-12-12,60,2,5,,42,30,44,60
58,小港,2022-12-12,60,5,6,,43,52,40,60
57,前鎮,2022-12-12,58,5,6,,45,40,,58
56,前金,2022-12-12,54,10,5,,39,40,38,54
54,左營,2022-12-12,47,5,5,,39,32,39,47
53,楠梓,2022-12-12,39,5,5,,37,30,39,39
52,林園,2022-12-12,57,10,5,,52,45,23,57
51,大寮,2022-12-12,61,5,5,,41,43,44,61
50,鳳山,2022-12-12,60,8,8,,40,52,,60
49,仁武,2022-12-12,50,5,5,,32,38,35,50
48,橋頭,2022-12-12,49,5,3,,38,30,36,49
47,美濃,2022-12-12,49,2,3,,28,23,43,49
46,臺南,2022-12-12,46,2,6,,34,32,32,46
45,安南,2022-12-12,43,2,3,,43,22,35,39
44,善化,2022-12-12,36,5,2,,26,18,36,33
43,新營,2022-12-12,36,5,2,,32,20,36,31
42,嘉義,2022-12-12,32,15,3,,22,30,32,28
41,臺西,2022-12-12,35,2,2,,23,10,,35
40,朴子,2022-12-12,41,5,2,,41,15,37,36
39,新港,2022-12-12,43,5,2,,43,17,36,32
38,崙背,2022-12-12,36,5,2,,35,20,31,36
37,斗六,2022-12-12,35,2,2,,24,20,35,30
36,南投,2022-12-12,33,2,5,,19,33,30,25
35,二林,2022-12-12,41,8,3,,41,18,33,32
34,線西,2022-12-12,31,5,3,,21,20,,31
33,彰化,2022-12-12,33,2,3,,16,22,33,20
32,西屯,2022-12-12,36,2,2,,14,17,36,24
31,忠明,2022-12-12,33,2,3,,15,25,33,18
30,大里,2022-12-12,30,2,3,,14,23,30,14
29,沙鹿,2022-12-12,35,2,2,,15,20,35,23
28,豐原,2022-12-12,24,2,2,,9,12,24,20
27,三義,2022-12-12,36,2,2,,10,15,36,25
26,苗栗,2022-12-12,36,2,2,,12,20,36,28
25,頭份,2022-12-12,27,5,2,,13,23,,27
24,新竹,2022-12-12,34,2,3,,17,28,31,34
23,竹東,2022-12-12,39,0,2,,11,17,39,20
22,湖口,2022-12-12,33,2,2,,18,27,33,29
21,龍潭,2022-12-12,36,2,2,,8,25,36,13
20,平鎮,2022-12-12,47,2,5,,14,47,32,38
19,觀音,2022-12-12,36,12,2,,22,18,36,32
18,大園,2022-12-12,33,5,2,,21,32,33,28
17,桃園,2022-12-12,45,8,5,,16,45,31,29
16,大同,2022-12-12,58,2,12,,28,58,,44
15,松山,2022-12-12,52,2,3,,22,52,33,31
14,古亭,2022-12-12,37,2,3,,16,37,35,34
13,萬華,2022-12-12,50,2,5,,17,50,31,35
12,中山,2022-12-12,48,2,6,,17,48,31,26
11,士林,2022-12-12,53,0,3,,12,53,35,25
10,淡水,2022-12-12,36,2,2,,12,13,36,27
9,林口,2022-12-12,48,2,2,,13,48,31,23
8,菜寮,2022-12-12,51,0,6,,15,51,33,31
7,新莊,2022-12-12,52,0,5,,19,52,32,29
6,板橋,2022-12-12,48,2,5,,16,48,31,31
5,土城,2022-12-12,35,0,3,,16,35,35,23
4,新店,2022-12-12,35,2,3,,13,35,33,22
3,萬里,2022-12-12,60,0,2,,60,3,41,49
2,汐止,2022-12-12,48,2,3,,14,48,32,24
1,基隆,2022-12-12,39,2,2,,23,8,39,35
85,大城,2022-12-11,47,5,3,,40,18,44,47
84,富貴角,2022-12-11,62,0,3,,52,13,47,62
83,麥寮,2022-12-11,47,5,5,,47,18,,44
80,關山,2022-12-11,37,2,2,,16,5,37,15
78,馬公,2022-12-11,55,0,5,,32,10,43,55
77,金門,2022-12-11,67,2,6,,42,17,39,67
75,馬祖,2022-12-11,84,2,6,,39,12,37,84
72,埔里,2022-12-11,44,2,5,,16,27,44,28
71,復興,2022-12-11,65,5,7,,47,37,,65
70,永和,2022-12-11,31,0,6,,12,23,,31
69,竹山,2022-12-11,48,2,3,,16,22,48,20
68,中壢,2022-12-11,52,2,8,,16,52,,39
67,三重,2022-12-11,51,2,12,,16,51,,27
66,冬山,2022-12-11,36,0,3,,5,20,36,3
65,宜蘭,2022-12-11,38,2,2,,3,7,38,5
64,陽明,2022-12-11,43,2,3,,4,13,43,4
63,花蓮,2022-12-11,38,2,3,,15,15,38,12
62,臺東,2022-12-11,41,0,2,,19,8,41,12
61,恆春,2022-12-11,45,0,2,,9,2,45,6
60,潮州,2022-12-11,87,5,5,,41,25,87,69
59,屏東,2022-12-11,66,2,6,,42,33,58,66
58,小港,2022-12-11,75,5,6,,49,35,67,75
57,前鎮,2022-12-11,73,5,6,,50,40,,73
56,前金,2022-12-11,70,10,6,,47,30,61,70
54,左營,2022-12-11,62,2,5,,48,27,51,62
53,楠梓,2022-12-11,54,5,5,,39,27,51,54
52,林園,2022-12-11,71,15,5,,56,40,71,69
51,大寮,2022-12-11,93,12,6,,44,35,93,75
50,鳳山,2022-12-11,76,8,9,,45,51,,76
49,仁武,2022-12-11,65,8,5,,37,30,47,65
48,橋頭,2022-12-11,64,5,5,,44,27,50,64
47,美濃,2022-12-11,56,2,5,,30,15,51,56
46,臺南,2022-12-11,56,2,6,,32,27,47,56
45,安南,2022-12-11,48,2,5,,34,17,47,48
44,善化,2022-12-11,49,5,3,,27,22,49,36
43,新營,2022-12-11,47,5,5,,26,18,47,32
42,嘉義,2022-12-11,45,22,5,,20,23,45,30
41,臺西,2022-12-11,44,5,3,,37,18,,44
40,朴子,2022-12-11,44,5,5,,39,15,44,42
39,新港,2022-12-11,44,5,3,,31,12,44,35
38,崙背,2022-12-11,39,5,3,,37,12,39,37
37,斗六,2022-12-11,45,2,3,,19,15,45,30
36,南投,2022-12-11,39,0,5,,16,30,39,18
35,二林,2022-12-11,54,5,5,,54,13,40,29
34,線西,2022-12-11,36,5,5,,30,17,,36
33,彰化,2022-12-11,38,2,5,,17,17,38,13
32,西屯,2022-12-11,40,2,3,,14,12,40,15
31,忠明,2022-12-11,39,2,3,,11,18,39,7
30,大里,2022-12-11,37,2,5,,10,18,37,9
29,沙鹿,2022-12-11,39,2,3,,17,13,39,18
28,豐原,2022-12-11,29,2,3,,6,10,29,14
27,三義,2022-12-11,38,2,3,,9,12,38,15
26,苗栗,2022-12-11,36,2,3,,11,13,36,22
25,頭份,2022-12-11,27,2,5,,11,17,,27
24,新竹,2022-12-11,38,2,5,,13,17,34,38
23,竹東,2022-12-11,39,0,3,,5,13,39,20
22,湖口,2022-12-11,41,2,5,,18,15,37,41
21,龍潭,2022-12-11,35,5,5,,4,17,35,10
20,平鎮,2022-12-11,40,2,5,,12,22,32,40
19,觀音,2022-12-11,49,10,3,,30,13,41,49
18,大園,2022-12-11,45,8,5,,26,33,34,45
17,桃園,2022-12-11,31,2,5,,10,22,31,26
16,大同,2022-12-11,51,2,9,,19,51,,40
15,松山,2022-12-11,33,2,3,,15,32,33,25
14,古亭,2022-12-11,36,2,3,,12,20,33,36
13,萬華,2022-12-11,35,2,6,,11,35,29,31
12,中山,2022-12-11,32,0,6,,11,32,28,18
11,士林,2022-12-11,36,2,3,,7,22,36,19
10,淡水,2022-12-11,39,2,3,,13,13,39,36
9,林口,2022-12-11,37,2,3,,12,15,37,27
8,菜寮,2022-12-11,32,2,6,,10,25,31,32
7,新莊,2022-12-11,31,0,3,,14,18,31,27
6,板橋,2022-12-11,37,0,6,,11,37,27,32
5,土城,2022-12-11,33,0,5,,11,18,33,24
4,新店,2022-12-11,32,0,5,,10,20,32,20
3,萬里,2022-12-11,64,2,3,,53,13,43,64
2,汐止,2022-12-11,37,2,3,,11,15,37,25
1,基隆,2022-12-11,41,2,3,,24,12,41,41
85,大城,2022-12-10,44,5,3,,23,23,44,31
84,富貴角,2022-12-10,50,0,1,,43,5,50,44
83,麥寮,2022-12-10,32,2,2,,26,13,,32
80,關山,2022-12-10,37,2,1,,8,10,37,16
78,馬公,2022-12-10,44,0,2,,31,8,44,41
77,金門,2022-12-10,49,8,2,,33,38,40,49
75,馬祖,2022-12-10,50,2,3,,25,13,50,46
72,埔里,2022-12-10,45,2,3,,18,25,45,29
71,復興,2022-12-10,60,5,7,,41,40,,60
70,永和,2022-12-10,45,0,7,,18,45,,35
69,竹山,2022-12-10,44,2,3,,25,30,44,37
68,中壢,2022-12-10,55,2,7,,20,55,,35
67,三重,2022-12-10,61,2,17,,21,61,,30
66,冬山,2022-12-10,45,0,3,,9,45,36,7
65,宜蘭,2022-12-10,33,2,1,,5,15,33,7
64,陽明,2022-12-10,44,2,1,,4,2,44,5
63,花蓮,2022-12-10,39,2,3,,15,17,39,19
62,臺東,2022-12-10,41,0,1,,15,12,41,13
61,恆春,2022-12-10,42,2,1,,6,0,42,6
60,潮州,2022-12-10,59,5,3,,37,27,54,59
59,屏東,2022-12-10,48,2,3,,33,23,47,48
58,小港,2022-12-10,60,8,5,,38,48,44,60
57,前鎮,2022-12-10,69,5,5,,39,38,,69
56,前金,2022-12-10,63,5,5,,38,33,54,63
54,左營,2022-12-10,57,8,5,,38,33,50,57
53,楠梓,2022-12-10,52,5,3,,35,37,48,52
52,林園,2022-12-10,53,8,3,,43,42,47,53
51,大寮,2022-12-10,61,5,3,,37,35,49,61
50,鳳山,2022-12-10,68,8,8,,39,48,,68
49,仁武,2022-12-10,65,8,3,,35,38,44,65
48,橋頭,2022-12-10,66,10,3,,42,35,47,66
47,美濃,2022-12-10,46,5,2,,26,15,46,45
46,臺南,2022-12-10,67,5,8,,33,47,42,67
45,安南,2022-12-10,55,8,3,,30,33,45,55
44,善化,2022-12-10,46,8,2,,30,28,45,46
43,新營,2022-12-10,47,10,3,,29,47,45,41
42,嘉義,2022-12-10,43,12,3,,28,25,42,43
41,臺西,2022-12-10,33,5,2,,23,18,,33
40,朴子,2022-12-10,44,8,2,,30,22,44,42
39,新港,2022-12-10,43,5,2,,27,22,43,39
38,崙背,2022-12-10,39,5,2,,27,18,38,39
37,斗六,2022-12-10,45,5,3,,27,30,44,45
36,南投,2022-12-10,35,2,3,,20,25,35,28
35,二林,2022-12-10,40,8,2,,,13,40,
34,線西,2022-12-10,31,8,2,,23,18,,31
33,彰化,2022-12-10,36,2,2,,15,22,36,23
32,西屯,2022-12-10,37,2,2,,14,15,37,24
31,忠明,2022-12-10,35,2,2,,13,23,35,16
30,大里,2022-12-10,33,2,5,,18,32,33,25
29,沙鹿,2022-12-10,36,2,2,,14,18,36,19
28,豐原,2022-12-10,26,2,2,,10,12,26,21
27,三義,2022-12-10,33,0,2,,10,12,33,21
26,苗栗,2022-12-10,34,5,2,,16,28,34,32
25,頭份,2022-12-10,30,5,2,,18,30,,26
24,新竹,2022-12-10,35,5,2,,19,20,35,32
23,竹東,2022-12-10,36,0,2,,7,13,36,23
22,湖口,2022-12-10,40,2,2,,20,15,40,27
21,龍潭,2022-12-10,34,5,3,,7,33,34,11
20,平鎮,2022-12-10,40,2,3,,17,40,35,32
19,觀音,2022-12-10,43,5,1,,27,27,43,34
18,大園,2022-12-10,47,10,2,,24,47,38,30
17,桃園,2022-12-10,43,0,5,,14,43,31,25
16,大同,2022-12-10,52,2,9,,25,52,,35
15,松山,2022-12-10,36,2,2,,20,33,36,23
14,古亭,2022-12-10,33,0,2,,15,30,33,30
13,萬華,2022-12-10,52,2,3,,14,52,30,29
12,中山,2022-12-10,42,2,5,,14,42,31,17
11,士林,2022-12-10,52,2,3,,10,52,41,21
10,淡水,2022-12-10,42,2,2,,14,17,42,24
9,林口,2022-12-10,41,2,1,,15,20,41,21
8,菜寮,2022-12-10,53,2,6,,14,53,30,27
7,新莊,2022-12-10,50,0,5,,18,50,29,22
6,板橋,2022-12-10,55,2,7,,16,55,28,26
5,土城,2022-12-10,42,8,3,,16,42,31,19
4,新店,2022-12-10,33,0,3,,12,28,33,18
3,萬里,2022-12-10,62,0,1,,62,3,45,54
2,汐止,2022-12-10,39,0,2,,15,23,39,22
1,基隆,2022-12-10,43,2,1,,24,5,43,30
85,大城,2022-12-09,44,2,1,,18,8,44,21
84,富貴角,2022-12-09,46,0,1,,27,2,46,19
83,麥寮,2022-12-09,22,2,1,,22,8,,22
80,關山,2022-12-09,35,2,1,,8,13,35,12
78,馬公,2022-12-09,43,0,2,,26,5,43,40
77,金門,2022-12-09,64,10,3,,39,50,50,64
75,馬祖,2022-12-09,51,8,3,,28,18,41,51
72,埔里,2022-12-09,43,2,3,,15,22,43,24
71,復興,2022-12-09,37,2,6,,30,32,,37
70,永和,2022-12-09,57,0,15,,11,57,,28
69,竹山,2022-12-09,42,2,2,,18,30,42,25
68,中壢,2022-12-09,56,2,11,,14,56,,30
67,三重,2022-12-09,62,2,17,,12,62,,27
66,冬山,2022-12-09,33,0,2,,9,30,33,6
65,宜蘭,2022-12-09,35,2,3,,7,35,30,11
64,陽明,2022-12-09,43,2,1,,4,2,43,3
63,花蓮,2022-12-09,38,2,2,,18,8,38,25
62,臺東,2022-12-09,39,2,2,,17,10,39,13
61,恆春,2022-12-09,47,5,2,,9,8,47,11
60,潮州,2022-12-09,61,2,3,,34,27,61,54
59,屏東,2022-12-09,47,2,3,,31,25,46,47
58,小港,2022-12-09,47,2,3,,31,35,44,47
57,前鎮,2022-12-09,49,8,5,,32,37,,49
56,前金,2022-12-09,44,2,3,,28,28,44,42
54,左營,2022-12-09,44,2,3,,29,25,44,36
53,楠梓,2022-12-09,42,5,3,,32,27,42,34
52,林園,2022-12-09,42,10,3,,40,40,42,37
51,大寮,2022-12-09,45,2,3,,32,33,45,45
50,鳳山,2022-12-09,53,5,7,,31,47,,53
49,仁武,2022-12-09,40,5,3,,26,35,39,40
48,橋頭,2022-12-09,41,2,2,,32,27,41,41
47,美濃,2022-12-09,47,2,3,,23,20,47,41
46,臺南,2022-12-09,44,2,6,,29,30,39,44
45,安南,2022-12-09,41,2,3,,38,27,41,32
44,善化,2022-12-09,42,8,2,,28,20,42,28
43,新營,2022-12-09,41,5,3,,27,30,41,26
42,嘉義,2022-12-09,39,8,3,,19,27,39,25
41,臺西,2022-12-09,27,2,1,,18,7,,27
40,朴子,2022-12-09,43,5,2,,29,17,43,28
39,新港,2022-12-09,41,5,3,,39,25,41,31
38,崙背,2022-12-09,38,2,2,,26,17,38,26
37,斗六,2022-12-09,40,2,3,,23,28,40,32
36,南投,2022-12-09,33,2,3,,20,33,33,25
35,二林,2022-12-09,31,5,2,,,15,31,
34,線西,2022-12-09,22,5,3,,16,18,,22
33,彰化,2022-12-09,34,2,3,,21,27,34,24
32,西屯,2022-12-09,37,2,2,,13,15,37,21
31,忠明,2022-12-09,33,2,2,,11,20,33,12
30,大里,2022-12-09,33,2,5,,19,30,33,18
29,沙鹿,2022-12-09,37,5,2,,12,15,37,14
28,豐原,2022-12-09,26,2,2,,7,10,26,19
27,三義,2022-12-09,35,2,2,,7,13,35,16
26,苗栗,2022-12-09,34,5,2,,10,15,34,18
25,頭份,2022-12-09,25,5,2,,8,25,,19
24,新竹,2022-12-09,31,2,2,,9,20,31,22
23,竹東,2022-12-09,37,0,2,,4,13,37,17
22,湖口,2022-12-09,35,2,2,,10,20,35,19
21,龍潭,2022-12-09,31,2,2,,4,27,31,8
20,平鎮,2022-12-09,38,2,3,,7,38,27,30
19,觀音,2022-12-09,38,2,1,,14,13,38,17
18,大園,2022-12-09,32,12,1,,11,28,32,15
17,桃園,2022-12-09,42,8,5,,9,42,29,19
16,大同,2022-12-09,60,5,27,,21,60,,39
15,松山,2022-12-09,52,2,3,,13,52,29,16
14,古亭,2022-12-09,53,0,7,,9,53,28,27
13,萬華,2022-12-09,53,2,7,,9,53,23,29
12,中山,2022-12-09,56,2,7,,9,56,24,18
11,士林,2022-12-09,53,0,3,,9,53,20,22
10,淡水,2022-12-09,36,2,2,,4,17,36,11
9,林口,2022-12-09,45,0,3,,7,45,33,14
8,菜寮,2022-12-09,55,0,5,,7,55,24,21
7,新莊,2022-12-09,52,0,5,,10,52,27,17
6,板橋,2022-12-09,52,2,6,,9,52,24,24
5,土城,2022-12-09,57,0,5,,12,57,26,15
4,新店,2022-12-09,48,0,5,,6,48,28,11
3,萬里,2022-12-09,43,0,1,,38,3,43,24
2,汐止,2022-12-09,37,2,2,,6,37,29,12
1,基隆,2022-12-09,39,2,2,,11,20,39,18
85,大城,2022-12-08,44,2,1,,23,13,44,24
84,富貴角,2022-12-08,46,0,1,,28,2,46,27
83,麥寮,2022-12-08,28,5,2,,24,17,,28
80,關山,2022-12-08,36,2,2,,11,7,36,16
78,馬公,2022-12-08,45,0,2,,21,3,45,31
77,金門,2022-12-08,28,10,3,,,28,25,
75,馬祖,2022-12-08,59,5,2,,39,13,54,59
72,埔里,2022-12-08,41,2,5,,19,38,41,31
71,復興,2022-12-08,63,5,7,,43,52,,63
70,永和,2022-12-08,43,0,7,,9,43,,23
69,竹山,2022-12-08,42,2,2,,21,30,42,36
68,中壢,2022-12-08,57,5,15,,23,57,,35
67,三重,2022-12-08,62,2,17,,16,62,,31
66,冬山,2022-12-08,35,0,2,,8,35,31,4
65,宜蘭,2022-12-08,32,2,3,,6,28,32,13
64,陽明,2022-12-08,41,2,2,,4,2,41,3
63,花蓮,2022-12-08,37,0,3,,18,15,37,21
62,臺東,2022-12-08,41,0,2,,16,10,41,11
61,恆春,2022-12-08,43,2,1,,7,2,43,5
60,潮州,2022-12-08,126,10,3,,44,30,126,74
59,屏東,2022-12-08,64,5,5,,37,37,64,56
58,小港,2022-12-08,69,5,5,,42,53,48,69
57,前鎮,2022-12-08,73,8,6,,45,52,,73
56,前金,2022-12-08,67,2,5,,41,38,58,67
54,左營,2022-12-08,59,5,3,,41,33,50,59
53,楠梓,2022-12-08,51,5,3,,39,35,49,51
52,林園,2022-12-08,77,8,3,,48,51,77,61
51,大寮,2022-12-08,67,8,3,,43,42,64,67
50,鳳山,2022-12-08,70,5,7,,40,55,,70
49,仁武,2022-12-08,60,12,5,,34,50,54,60
48,橋頭,2022-12-08,63,5,3,,43,40,47,63
47,美濃,2022-12-08,54,2,3,,26,18,54,48
46,臺南,2022-12-08,65,2,7,,35,37,40,65
45,安南,2022-12-08,52,5,3,,39,25,45,52
44,善化,2022-12-08,44,5,2,,27,25,44,39
43,新營,2022-12-08,43,5,2,,30,30,43,36
42,嘉義,2022-12-08,43,12,3,,26,33,43,38
41,臺西,2022-12-08,27,2,2,,20,15,,27
40,朴子,2022-12-08,43,5,2,,27,22,41,43
39,新港,2022-12-08,40,2,2,,33,20,40,38
38,崙背,2022-12-08,37,5,2,,32,20,31,37
37,斗六,2022-12-08,45,2,3,,28,25,44,45
36,南投,2022-12-08,38,2,5,,21,38,34,33
35,二林,2022-12-08,39,8,2,,29,18,39,
34,線西,2022-12-08,27,8,3,,18,23,,27
33,彰化,2022-12-08,40,2,3,,21,40,34,27
32,西屯,2022-12-08,36,2,2,,16,22,36,29
31,忠明,2022-12-08,33,2,3,,14,28,33,16
30,大里,2022-12-08,33,2,5,,19,28,33,23
29,沙鹿,2022-12-08,36,2,2,,13,18,36,19
28,豐原,2022-12-08,26,2,2,,8,12,26,20
27,三義,2022-12-08,33,2,2,,10,13,33,22
26,苗栗,2022-12-08,31,2,2,,12,23,31,25
25,頭份,2022-12-08,30,5,3,,11,30,,27
24,新竹,2022-12-08,32,5,3,,13,32,31,28
23,竹東,2022-12-08,34,0,2,,8,18,34,21
22,湖口,2022-12-08,40,5,3,,16,40,34,26
21,龍潭,2022-12-08,31,2,3,,7,25,31,11
20,平鎮,2022-12-08,52,5,7,,14,52,27,31
19,觀音,2022-12-08,38,2,2,,19,30,38,25
18,大園,2022-12-08,45,8,2,,17,45,31,24
17,桃園,2022-12-08,50,18,7,,14,50,23,23
16,大同,2022-12-08,61,5,27,,22,61,,40
15,松山,2022-12-08,50,2,5,,15,50,31,20
14,古亭,2022-12-08,38,0,3,,9,38,31,26
13,萬華,2022-12-08,52,2,6,,11,52,20,28
12,中山,2022-12-08,55,2,6,,13,55,25,16
11,士林,2022-12-08,57,0,7,,13,57,23,25
10,淡水,2022-12-08,50,2,6,,9,50,35,21
9,林口,2022-12-08,47,0,3,,12,47,32,20
8,菜寮,2022-12-08,53,2,7,,11,53,22,26
7,新莊,2022-12-08,47,0,6,,15,47,23,22
6,板橋,2022-12-08,47,2,6,,10,47,24,19
5,土城,2022-12-08,50,0,3,,11,50,31,13
4,新店,2022-12-08,32,0,3,,8,32,30,10
3,萬里,2022-12-08,46,2,1,,46,8,42,34
2,汐止,2022-12-08,55,2,3,,9,55,32,20
1,基隆,2022-12-08,39,2,3,,16,28,39,24
85,大城,2022-12-07,43,2,1,,21,18,43,24
84,富貴角,2022-12-07,45,0,1,,32,2,45,27
83,麥寮,2022-12-07,30,2,2,,29,25,,30
80,關山,2022-12-07,31,2,1,,8,7,31,15
78,馬公,2022-12-07,41,0,1,,19,3,41,24
77,金門,2022-12-07,35,12,2,,22,32,35,34
75,馬祖,2022-12-07,42,2,1,,28,8,42,42
72,埔里,2022-12-07,57,2,3,,29,28,44,57
71,復興,2022-12-07,62,5,7,,49,47,,62
70,永和,2022-12-07,52,2,8,,10,52,,26
69,竹山,2022-12-07,60,2,3,,34,33,51,60
68,中壢,2022-12-07,56,2,8,,21,56,,35
67,三重,2022-12-07,62,2,12,,15,62,,20
66,冬山,2022-12-07,35,0,2,,7,33,35,3
65,宜蘭,2022-12-07,34,2,2,,6,13,34,8
64,陽明,2022-12-07,40,2,1,,4,2,40,1
63,花蓮,2022-12-07,36,0,2,,15,15,36,19
62,臺東,2022-12-07,36,0,1,,11,8,36,9
61,恆春,2022-12-07,40,2,1,,3,2,40,3
60,潮州,2022-12-07,71,5,3,,45,28,71,64
59,屏東,2022-12-07,62,2,3,,44,32,58,62
58,小港,2022-12-07,64,8,5,,47,52,47,64
57,前鎮,2022-12-07,67,8,6,,52,43,,67
56,前金,2022-12-07,62,8,5,,46,47,49,62
54,左營,2022-12-07,59,5,5,,47,40,48,59
53,楠梓,2022-12-07,57,8,5,,48,45,49,57
52,林園,2022-12-07,58,12,5,,54,51,46,58
51,大寮,2022-12-07,63,8,3,,46,47,50,63
50,鳳山,2022-12-07,74,8,7,,47,52,,74
49,仁武,2022-12-07,66,8,5,,40,45,46,66
48,橋頭,2022-12-07,65,8,5,,48,40,46,65
47,美濃,2022-12-07,64,2,3,,40,20,64,56
46,臺南,2022-12-07,56,5,6,,36,38,42,56
45,安南,2022-12-07,43,5,3,,39,30,43,42
44,善化,2022-12-07,48,8,3,,38,35,46,48
43,新營,2022-12-07,44,8,3,,35,37,44,40
42,嘉義,2022-12-07,48,8,5,,33,35,43,48
41,臺西,2022-12-07,28,2,1,,23,13,,28
40,朴子,2022-12-07,43,8,3,,34,27,43,43
39,新港,2022-12-07,42,8,3,,36,28,42,41
38,崙背,2022-12-07,39,8,3,,33,28,36,39
37,斗六,2022-12-07,54,5,3,,36,37,45,54
36,南投,2022-12-07,36,2,5,,26,35,36,
35,二林,2022-12-07,34,5,2,,32,28,34,30
34,線西,2022-12-07,33,8,3,,24,33,,32
33,彰化,2022-12-07,37,2,3,,23,37,31,28
32,西屯,2022-12-07,33,2,2,,18,33,31,30
31,忠明,2022-12-07,38,5,3,,17,38,31,22
30,大里,2022-12-07,42,5,5,,22,42,31,31
29,沙鹿,2022-12-07,33,5,2,,16,27,33,19
28,豐原,2022-12-07,29,2,3,,14,27,24,29
27,三義,2022-12-07,30,2,2,,10,15,30,21
26,苗栗,2022-12-07,30,5,2,,14,25,30,24
25,頭份,2022-12-07,33,8,3,,14,33,,27
24,新竹,2022-12-07,30,2,2,,15,27,30,26
23,竹東,2022-12-07,34,0,2,,7,22,34,18
22,湖口,2022-12-07,34,2,2,,15,20,34,27
21,龍潭,2022-12-07,30,2,2,,6,28,30,7
20,平鎮,2022-12-07,48,2,3,,12,48,27,26
19,觀音,2022-12-07,37,5,1,,19,18,37,26
18,大園,2022-12-07,42,12,2,,18,42,32,22
17,桃園,2022-12-07,35,5,5,,12,35,27,19
16,大同,2022-12-07,57,2,14,,23,57,,36
15,松山,2022-12-07,52,2,3,,14,52,27,15
14,古亭,2022-12-07,40,0,3,,10,40,29,21
13,萬華,2022-12-07,52,2,5,,10,52,24,24
12,中山,2022-12-07,52,2,6,,11,52,23,12
11,士林,2022-12-07,37,2,2,,8,37,33,19
10,淡水,2022-12-07,35,2,2,,8,35,34,17
9,林口,2022-12-07,40,0,2,,11,40,31,17
8,菜寮,2022-12-07,52,2,5,,10,52,26,19
7,新莊,2022-12-07,48,2,3,,15,48,27,15
6,板橋,2022-12-07,54,2,5,,11,54,24,20
5,土城,2022-12-07,50,0,5,,12,50,26,9
4,新店,2022-12-07,38,2,3,,10,38,28,11
3,萬里,2022-12-07,42,2,1,,42,3,41,30
2,汐止,2022-12-07,47,2,2,,8,47,34,11
1,基隆,2022-12-07,39,2,3,,16,17,39,20
85,大城,2022-12-06,41,5,1,,22,13,41,26
84,富貴角,2022-12-06,45,0,1,,45,0,44,36
83,麥寮,2022-12-06,32,5,2,,31,17,,32
80,關山,2022-12-06,30,2,1,,7,8,30,12
78,馬公,2022-12-06,40,0,1,,22,3,40,28
77,金門,2022-12-06,35,8,2,,19,18,31,35
75,馬祖,2022-12-06,37,2,1,,18,13,37,31
72,埔里,2022-12-06,41,2,3,,23,25,41,38
71,復興,2022-12-06,47,5,7,,35,47,,44
70,永和,2022-12-06,28,0,5,,13,25,,28
69,竹山,2022-12-06,41,5,3,,28,33,29,41
68,中壢,2022-12-06,43,2,9,,22,43,,28
67,三重,2022-12-06,52,2,9,,19,52,,24
66,冬山,2022-12-06,31,0,1,,7,15,31,2
65,宜蘭,2022-12-06,30,2,1,,8,13,30,12
64,陽明,2022-12-06,38,0,1,,5,2,38,3
63,花蓮,2022-12-06,32,0,3,,13,27,32,12
62,臺東,2022-12-06,31,0,2,,10,10,31,8
61,恆春,2022-12-06,39,0,1,,3,2,39,5
60,潮州,2022-12-06,57,25,5,,37,35,48,57
59,屏東,2022-12-06,53,10,5,,37,43,39,53
58,小港,2022-12-06,60,8,6,,36,60,35,54
57,前鎮,2022-12-06,55,5,6,,38,48,,55
56,前金,2022-12-06,48,8,3,,31,37,45,48
54,左營,2022-12-06,46,5,3,,34,30,46,44
53,楠梓,2022-12-06,42,5,3,,37,38,42,35
52,林園,2022-12-06,47,10,3,,38,47,47,38
51,大寮,2022-12-06,51,10,5,,37,45,37,51
50,鳳山,2022-12-06,58,8,8,,31,52,,58
49,仁武,2022-12-06,47,8,3,,30,47,41,46
48,橋頭,2022-12-06,48,5,3,,37,40,38,48
47,美濃,2022-12-06,42,5,3,,31,28,40,42
46,臺南,2022-12-06,47,2,7,,35,42,34,47
45,安南,2022-12-06,38,2,2,,29,22,38,33
44,善化,2022-12-06,38,5,2,,22,27,38,27
43,新營,2022-12-06,40,5,2,,25,30,40,23
42,嘉義,2022-12-06,40,10,5,,28,40,33,32
41,臺西,2022-12-06,32,5,2,,26,15,,32
40,朴子,2022-12-06,38,2,2,,25,17,38,28
39,新港,2022-12-06,40,5,2,,24,28,40,31
38,崙背,2022-12-06,36,5,3,,32,33,35,36
37,斗六,2022-12-06,40,5,3,,29,40,34,40
36,南投,2022-12-06,48,2,5,,22,48,37,31
35,二林,2022-12-06,34,5,2,,29,25,34,23
34,線西,2022-12-06,32,10,5,,24,32,,27
33,彰化,2022-12-06,40,2,3,,24,40,30,23
32,西屯,2022-12-06,38,2,3,,15,38,33,21
31,忠明,2022-12-06,45,2,5,,14,45,31,19
30,大里,2022-12-06,51,5,5,,18,51,27,18
29,沙鹿,2022-12-06,33,2,2,,14,32,33,19
28,豐原,2022-12-06,26,5,2,,9,17,26,23
27,三義,2022-12-06,33,2,1,,8,8,33,14
26,苗栗,2022-12-06,32,2,2,,10,27,32,16
25,頭份,2022-12-06,18,2,2,,10,18,,16
24,新竹,2022-12-06,30,2,2,,13,17,30,14
23,竹東,2022-12-06,33,0,1,,4,10,33,14
22,湖口,2022-12-06,31,2,2,,16,20,31,18
21,龍潭,2022-12-06,31,2,1,,5,13,31,4
20,平鎮,2022-12-06,31,0,3,,13,28,31,26
19,觀音,2022-12-06,33,8,1,,23,23,33,28
18,大園,2022-12-06,32,5,2,,19,32,29,22
17,桃園,2022-12-06,28,5,3,,13,27,28,17
16,大同,2022-12-06,52,5,8,,29,52,,33
15,松山,2022-12-06,47,2,3,,20,47,28,21
14,古亭,2022-12-06,30,0,2,,13,20,30,22
13,萬華,2022-12-06,45,2,3,,14,45,27,24
12,中山,2022-12-06,48,2,5,,16,48,27,20
11,士林,2022-12-06,32,2,1,,12,15,32,18
10,淡水,2022-12-06,32,2,2,,10,17,32,16
9,林口,2022-12-06,38,0,2,,12,38,28,15
8,菜寮,2022-12-06,28,2,3,,15,28,28,22
7,新莊,2022-12-06,28,0,2,,20,28,28,22
6,板橋,2022-12-06,32,0,3,,12,32,27,19
5,土城,2022-12-06,29,0,3,,13,28,29,10
4,新店,2022-12-06,30,2,2,,10,20,30,12
3,萬里,2022-12-06,47,2,1,,47,7,41,36
2,汐止,2022-12-06,40,2,2,,12,40,27,15
1,基隆,2022-12-06,35,2,2,,19,15,35,21
85,大城,2022-12-05,35,2,1,,17,12,35,22
84,富貴角,2022-12-05,49,0,1,,49,2,40,30
83,麥寮,2022-12-05,26,8,2,,26,22,,23
80,關山,2022-12-05,30,0,1,,7,8,30,16
78,馬公,2022-12-05,34,0,1,,13,3,34,12
77,金門,2022-12-05,29,2,3,,15,17,29,28
75,馬祖,2022-12-05,30,2,2,,8,7,30,17
72,埔里,2022-12-05,31,2,2,,13,17,31,20
71,復興,2022-12-05,41,2,7,,36,40,,41
70,永和,2022-12-05,51,2,12,,5,51,,20
69,竹山,2022-12-05,30,2,2,,14,27,30,15
68,中壢,2022-12-05,45,2,6,,11,45,,20
67,三重,2022-12-05,57,2,12,,16,57,,16
66,冬山,2022-12-05,30,0,3,,11,23,30,2
65,宜蘭,2022-12-05,31,2,2,,7,25,31,6
64,陽明,2022-12-05,35,0,2,,4,2,35,1
63,花蓮,2022-12-05,32,2,2,,19,10,32,19
62,臺東,2022-12-05,35,2,2,,14,8,35,11
61,恆春,2022-12-05,38,0,1,,6,2,38,6
60,潮州,2022-12-05,64,5,3,,39,28,64,63
59,屏東,2022-12-05,53,2,3,,34,25,44,53
58,小港,2022-12-05,53,5,5,,37,40,42,53
57,前鎮,2022-12-05,56,8,5,,41,42,,56
56,前金,2022-12-05,47,8,3,,37,35,43,47
54,左營,2022-12-05,44,2,5,,35,23,44,42
53,楠梓,2022-12-05,40,2,3,,35,30,40,27
52,林園,2022-12-05,52,5,3,,48,52,44,49
51,大寮,2022-12-05,53,2,3,,35,40,44,53
50,鳳山,2022-12-05,57,8,7,,35,47,,57
49,仁武,2022-12-05,39,8,3,,27,30,38,39
48,橋頭,2022-12-05,41,2,3,,36,25,38,41
47,美濃,2022-12-05,41,2,3,,27,17,41,38
46,臺南,2022-12-05,37,2,6,,32,28,34,37
45,安南,2022-12-05,41,2,3,,41,22,32,27
44,善化,2022-12-05,32,5,2,,25,17,32,16
43,新營,2022-12-05,34,5,2,,28,20,34,13
42,嘉義,2022-12-05,27,10,2,,20,25,27,11
41,臺西,2022-12-05,21,2,2,,21,13,,19
40,朴子,2022-12-05,38,5,2,,38,20,34,22
39,新港,2022-12-05,36,2,2,,36,15,33,16
38,崙背,2022-12-05,38,2,2,,38,17,28,20
37,斗六,2022-12-05,31,5,2,,21,17,31,15
36,南投,2022-12-05,32,2,2,,16,32,24,12
35,二林,2022-12-05,52,5,2,,52,12,31,11
34,線西,2022-12-05,15,2,2,,11,15,,15
33,彰化,2022-12-05,25,0,2,,18,23,25,15
32,西屯,2022-12-05,31,0,2,,12,17,31,14
31,忠明,2022-12-05,26,5,2,,11,23,26,9
30,大里,2022-12-05,26,2,2,,11,25,26,6
29,沙鹿,2022-12-05,30,2,2,,10,15,30,6
28,豐原,2022-12-05,22,2,2,,6,12,22,12
27,三義,2022-12-05,28,2,2,,3,10,28,9
26,苗栗,2022-12-05,27,2,1,,6,17,27,13
25,頭份,2022-12-05,17,2,2,,4,17,,10
24,新竹,2022-12-05,27,2,2,,7,18,27,8
23,竹東,2022-12-05,28,0,2,,4,13,28,15
22,湖口,2022-12-05,30,2,1,,7,10,30,13
21,龍潭,2022-12-05,26,2,2,,2,20,26,1
20,平鎮,2022-12-05,32,0,2,,5,32,27,19
19,觀音,2022-12-05,32,5,1,,10,7,32,8
18,大園,2022-12-05,31,5,1,,10,23,31,13
17,桃園,2022-12-05,29,10,3,,4,18,29,4
16,大同,2022-12-05,55,2,14,,10,55,,14
15,松山,2022-12-05,32,0,2,,9,32,25,5
14,古亭,2022-12-05,32,0,3,,5,32,26,13
13,萬華,2022-12-05,45,2,5,,7,45,21,13
12,中山,2022-12-05,42,2,5,,6,42,24,6
11,士林,2022-12-05,35,0,2,,8,35,27,9
10,淡水,2022-12-05,32,0,1,,3,5,32,6
9,林口,2022-12-05,31,0,1,,4,25,31,3
8,菜寮,2022-12-05,27,0,3,,3,25,27,10
7,新莊,2022-12-05,28,0,1,,7,17,28,7
6,板橋,2022-12-05,37,2,5,,5,37,24,10
5,土城,2022-12-05,47,0,3,,8,47,27,9
4,新店,2022-12-05,28,0,2,,5,28,26,6
3,萬里,2022-12-05,40,2,1,,40,3,38,25
2,汐止,2022-12-05,30,2,2,,2,20,30,4
1,基隆,2022-12-05,34,2,2,,11,33,34,15
85,大城,2022-12-04,33,2,2,,16,18,33,18
84,富貴角,2022-12-04,40,0,2,,29,27,40,19
83,麥寮,2022-12-04,34,20,3,,27,18,,34
80,關山,2022-12-04,31,2,2,,7,8,31,15
78,馬公,2022-12-04,33,0,2,,11,15,33,13
77,金門,2022-12-04,60,15,5,,34,52,27,60
75,馬祖,2022-12-04,30,2,2,,11,15,30,23
72,埔里,2022-12-04,43,2,3,,20,18,39,43
71,復興,2022-12-04,76,2,7,,47,40,,76
70,永和,2022-12-04,28,2,6,,5,28,,13
69,竹山,2022-12-04,55,2,3,,25,25,28,55
68,中壢,2022-12-04,43,2,7,,15,43,,25
67,三重,2022-12-04,54,2,15,,9,54,,15
66,冬山,2022-12-04,31,0,2,,10,17,31,3
65,宜蘭,2022-12-04,27,2,2,,9,12,27,12
64,陽明,2022-12-04,33,2,2,,3,22,33,1
63,花蓮,2022-12-04,33,0,2,,14,10,33,16
62,臺東,2022-12-04,38,0,2,,10,7,38,7
61,恆春,2022-12-04,39,0,1,,6,2,39,6
60,潮州,2022-12-04,87,8,5,,50,28,61,87
59,屏東,2022-12-04,81,2,5,,47,25,48,81
58,小港,2022-12-04,88,10,6,,47,55,44,88
57,前鎮,2022-12-04,85,5,5,,49,38,,85
56,前金,2022-12-04,81,2,5,,49,28,48,81
54,左營,2022-12-04,73,5,5,,47,25,44,73
53,楠梓,2022-12-04,67,5,5,,43,32,43,67
52,林園,2022-12-04,84,10,6,,61,50,47,84
51,大寮,2022-12-04,86,15,6,,46,35,44,86
50,鳳山,2022-12-04,91,8,8,,46,45,,91
49,仁武,2022-12-04,79,15,6,,40,35,43,79
48,橋頭,2022-12-04,82,2,5,,47,30,41,82
47,美濃,2022-12-04,65,2,3,,35,17,47,65
46,臺南,2022-12-04,83,2,7,,40,32,34,83
45,安南,2022-12-04,70,2,3,,39,25,32,70
44,善化,2022-12-04,72,5,3,,38,23,31,72
43,新營,2022-12-04,52,5,3,,31,28,26,52
42,嘉義,2022-12-04,55,5,5,,32,33,21,55
41,臺西,2022-12-04,22,2,2,,22,17,,21
40,朴子,2022-12-04,43,5,3,,28,20,26,43
39,新港,2022-12-04,40,2,3,,25,20,26,40
38,崙背,2022-12-04,35,5,3,,25,23,25,35
37,斗六,2022-12-04,58,2,5,,32,25,24,58
36,南投,2022-12-04,38,0,5,,23,23,22,38
35,二林,2022-12-04,30,8,3,,30,15,28,23
34,線西,2022-12-04,25,10,3,,15,22,,25
33,彰化,2022-12-04,26,0,3,,15,23,23,26
32,西屯,2022-12-04,27,0,2,,14,17,27,27
31,忠明,2022-12-04,23,2,3,,11,15,23,16
30,大里,2022-12-04,30,2,6,,19,27,19,30
29,沙鹿,2022-12-04,28,2,3,,14,22,28,15
28,豐原,2022-12-04,24,2,3,,8,13,18,24
27,三義,2022-12-04,26,2,3,,7,20,26,17
26,苗栗,2022-12-04,28,5,3,,13,23,28,19
25,頭份,2022-12-04,25,5,3,,10,25,,10
24,新竹,2022-12-04,27,0,3,,11,27,27,15
23,竹東,2022-12-04,26,0,3,,8,25,26,19
22,湖口,2022-12-04,31,0,2,,10,23,31,14
21,龍潭,2022-12-04,27,2,3,,4,27,25,2
20,平鎮,2022-12-04,32,0,3,,10,32,29,20
19,觀音,2022-12-04,32,2,2,,13,27,32,12
18,大園,2022-12-04,31,5,3,,13,30,31,13
17,桃園,2022-12-04,28,2,3,,5,27,28,11
16,大同,2022-12-04,52,0,14,,11,52,,17
15,松山,2022-12-04,28,2,3,,11,28,23,4
14,古亭,2022-12-04,27,0,3,,6,22,27,13
13,萬華,2022-12-04,33,2,5,,6,33,21,15
12,中山,2022-12-04,30,0,5,,6,30,21,3
11,士林,2022-12-04,32,0,5,,9,32,25,16
10,淡水,2022-12-04,31,2,3,,4,23,31,9
9,林口,2022-12-04,31,0,2,,2,25,31,3
8,菜寮,2022-12-04,32,0,5,,6,32,23,10
7,新莊,2022-12-04,32,0,2,,8,32,26,7
6,板橋,2022-12-04,35,0,5,,6,35,19,11
5,土城,2022-12-04,28,0,3,,7,23,28,8
4,新店,2022-12-04,28,0,3,,4,23,28,4
3,萬里,2022-12-04,37,0,2,,36,27,37,20
2,汐止,2022-12-04,29,0,3,,3,27,29,3
1,基隆,2022-12-04,32,2,3,,10,25,32,13
85,大城,2022-12-03,38,2,2,,15,22,38,16
84,富貴角,2022-12-03,40,0,1,,21,2,40,9
83,麥寮,2022-12-03,23,2,2,,20,23,,23
80,關山,2022-12-03,25,0,1,,7,13,25,14
78,馬公,2022-12-03,35,0,2,,12,8,35,18
77,金門,2022-12-03,43,12,3,,20,25,43,36
75,馬祖,2022-12-03,28,2,2,,8,10,28,15
72,埔里,2022-12-03,44,2,5,,18,27,44,31
71,復興,2022-12-03,65,8,8,,44,48,,65
70,永和,2022-12-03,45,2,9,,7,45,,15
69,竹山,2022-12-03,57,2,3,,30,33,50,57
68,中壢,2022-12-03,52,8,8,,19,52,,26
67,三重,2022-12-03,53,2,15,,11,53,,19
66,冬山,2022-12-03,30,0,3,,13,20,30,4
65,宜蘭,2022-12-03,29,2,2,,10,15,29,9
64,陽明,2022-12-03,32,2,1,,3,2,32,0
63,花蓮,2022-12-03,32,2,2,,14,12,32,23
62,臺東,2022-12-03,33,0,1,,11,8,33,4
61,恆春,2022-12-03,32,0,1,,3,2,32,2
60,潮州,2022-12-03,104,5,3,,47,28,104,78
59,屏東,2022-12-03,140,20,6,,56,37,140,86
58,小港,2022-12-03,76,15,6,,46,53,58,76
57,前鎮,2022-12-03,71,10,6,,47,50,,71
56,前金,2022-12-03,67,8,5,,45,35,67,65
54,左營,2022-12-03,53,5,5,,40,27,49,53
53,楠梓,2022-12-03,61,8,5,,41,33,61,51
52,林園,2022-12-03,84,10,5,,55,43,84,67
51,大寮,2022-12-03,80,28,6,,49,55,80,79
50,鳳山,2022-12-03,74,8,8,,44,53,,74
49,仁武,2022-12-03,67,5,5,,39,52,54,67
48,橋頭,2022-12-03,64,8,5,,44,33,50,64
47,美濃,2022-12-03,80,2,3,,36,18,80,58
46,臺南,2022-12-03,54,5,6,,30,33,37,54
45,安南,2022-12-03,40,5,3,,27,27,39,40
44,善化,2022-12-03,41,5,2,,24,32,41,40
43,新營,2022-12-03,41,5,3,,24,35,41,31
42,嘉義,2022-12-03,46,8,3,,29,32,42,46
41,臺西,2022-12-03,22,2,2,,18,22,,19
40,朴子,2022-12-03,40,5,3,,25,20,37,40
39,新港,2022-12-03,38,5,2,,23,27,38,35
38,崙背,2022-12-03,31,5,2,,24,22,31,31
37,斗六,2022-12-03,54,5,3,,32,35,44,54
36,南投,2022-12-03,34,2,5,,22,33,33,34
35,二林,2022-12-03,31,8,2,,30,20,31,19
34,線西,2022-12-03,26,10,5,,15,23,,26
33,彰化,2022-12-03,38,2,3,,19,38,28,28
32,西屯,2022-12-03,32,2,2,,17,32,27,26
31,忠明,2022-12-03,35,2,3,,15,35,25,23
30,大里,2022-12-03,38,5,5,,24,38,27,28
29,沙鹿,2022-12-03,28,2,2,,15,27,28,17
28,豐原,2022-12-03,25,2,2,,12,20,18,25
27,三義,2022-12-03,25,2,2,,11,20,23,25
26,苗栗,2022-12-03,28,5,2,,15,28,24,20
25,頭份,2022-12-03,30,5,2,,12,30,,18
24,新竹,2022-12-03,27,2,2,,12,27,24,15
23,竹東,2022-12-03,30,2,2,,10,30,22,28
22,湖口,2022-12-03,30,5,1,,10,15,30,9
21,龍潭,2022-12-03,32,2,3,,7,32,23,5
20,平鎮,2022-12-03,40,2,2,,9,40,23,16
19,觀音,2022-12-03,32,8,1,,12,10,32,11
18,大園,2022-12-03,42,12,1,,12,42,29,6
17,桃園,2022-12-03,30,5,5,,9,30,22,14
16,大同,2022-12-03,54,0,16,,17,54,,27
15,松山,2022-12-03,35,2,3,,12,35,21,5
14,古亭,2022-12-03,28,2,3,,8,28,24,14
13,萬華,2022-12-03,40,2,6,,10,40,19,18
12,中山,2022-12-03,47,2,5,,10,47,19,10
11,士林,2022-12-03,40,0,5,,11,40,20,20
10,淡水,2022-12-03,29,2,3,,5,27,29,13
9,林口,2022-12-03,27,0,2,,5,22,27,6
8,菜寮,2022-12-03,48,2,6,,10,48,21,18
7,新莊,2022-12-03,32,5,3,,12,32,22,9
6,板橋,2022-12-03,40,0,6,,8,40,20,15
5,土城,2022-12-03,38,0,5,,10,38,25,8
4,新店,2022-12-03,37,0,5,,7,37,26,6
3,萬里,2022-12-03,35,0,1,,27,10,35,12
2,汐止,2022-12-03,32,2,3,,5,32,25,5
1,基隆,2022-12-03,42,8,3,,10,42,25,12
85,大城,2022-12-02,36,2,1,,16,8,36,24
84,富貴角,2022-12-02,38,0,1,,24,2,38,12
83,麥寮,2022-12-02,22,5,1,,22,12,,22
80,關山,2022-12-02,29,0,1,,9,8,29,14
78,馬公,2022-12-02,35,0,1,,16,5,35,15
77,金門,2022-12-02,24,10,2,,13,22,24,24
75,馬祖,2022-12-02,24,0,2,,6,8,24,13
72,埔里,2022-12-02,46,2,3,,19,28,46,30
71,復興,2022-12-02,61,2,7,,44,50,,61
70,永和,2022-12-02,30,2,6,,5,30,,17
69,竹山,2022-12-02,41,2,2,,25,37,41,31
68,中壢,2022-12-02,43,2,9,,10,43,,19
67,三重,2022-12-02,58,2,10,,6,58,,8
66,冬山,2022-12-02,27,0,1,,5,17,27,1
65,宜蘭,2022-12-02,30,2,2,,6,13,30,6
64,陽明,2022-12-02,33,2,1,,4,0,33,2
63,花蓮,2022-12-02,31,2,2,,16,18,31,13
62,臺東,2022-12-02,32,2,2,,14,12,32,9
61,恆春,2022-12-02,37,0,1,,5,2,37,8
60,潮州,2022-12-02,143,8,3,,55,28,143,81
59,屏東,2022-12-02,84,5,5,,45,40,84,67
58,小港,2022-12-02,70,5,6,,48,55,49,70
57,前鎮,2022-12-02,66,5,6,,47,53,,66
56,前金,2022-12-02,54,2,3,,42,37,48,54
54,左營,2022-12-02,49,5,3,,40,37,47,49
53,楠梓,2022-12-02,48,5,3,,40,38,48,42
52,林園,2022-12-02,61,18,5,,59,54,50,61
51,大寮,2022-12-02,74,5,3,,45,45,74,68
50,鳳山,2022-12-02,67,8,8,,44,57,,67
49,仁武,2022-12-02,55,5,3,,34,45,47,55
48,橋頭,2022-12-02,55,5,3,,40,37,36,55
47,美濃,2022-12-02,58,2,3,,32,25,58,46
46,臺南,2022-12-02,48,2,7,,33,38,36,48
45,安南,2022-12-02,40,2,2,,33,22,40,33
44,善化,2022-12-02,41,5,2,,24,22,41,28
43,新營,2022-12-02,39,8,2,,27,28,39,25
42,嘉義,2022-12-02,37,10,3,,22,37,36,27
41,臺西,2022-12-02,22,5,1,,20,10,,22
40,朴子,2022-12-02,37,5,2,,28,18,37,24
39,新港,2022-12-02,36,5,2,,25,20,36,25
38,崙背,2022-12-02,30,8,2,,27,27,30,26
37,斗六,2022-12-02,37,2,2,,25,28,37,33
36,南投,2022-12-02,42,2,3,,16,42,30,23
35,二林,2022-12-02,32,8,2,,32,23,31,19
34,線西,2022-12-02,27,10,3,,18,27,,23
33,彰化,2022-12-02,33,2,3,,22,33,25,20
32,西屯,2022-12-02,32,2,2,,14,32,30,19
31,忠明,2022-12-02,32,2,3,,13,32,25,12
30,大里,2022-12-02,40,2,5,,14,40,26,10
29,沙鹿,2022-12-02,28,2,2,,14,28,28,12
28,豐原,2022-12-02,30,2,2,,9,30,19,20
27,三義,2022-12-02,25,2,2,,8,22,25,14
26,苗栗,2022-12-02,38,5,5,,9,38,26,17
25,頭份,2022-12-02,47,5,5,,7,47,,13
24,新竹,2022-12-02,33,2,3,,7,33,27,10
23,竹東,2022-12-02,29,2,2,,6,20,29,13
22,湖口,2022-12-02,30,2,2,,8,17,30,10
21,龍潭,2022-12-02,28,2,2,,2,23,28,1
20,平鎮,2022-12-02,37,2,3,,6,37,24,19
19,觀音,2022-12-02,31,12,5,,14,13,31,11
18,大園,2022-12-02,35,12,2,,9,35,27,14
17,桃園,2022-12-02,32,2,3,,4,32,25,7
16,大同,2022-12-02,51,10,11,,17,51,,25
15,松山,2022-12-02,42,2,3,,9,42,29,2
14,古亭,2022-12-02,28,0,2,,4,25,28,9
13,萬華,2022-12-02,45,2,5,,5,45,28,12
12,中山,2022-12-02,43,0,5,,6,43,26,6
11,士林,2022-12-02,31,2,2,,3,28,31,7
10,淡水,2022-12-02,35,0,5,,4,35,31,7
9,林口,2022-12-02,33,0,2,,4,33,27,6
8,菜寮,2022-12-02,30,2,3,,4,30,27,7
7,新莊,2022-12-02,32,0,3,,7,32,26,6
6,板橋,2022-12-02,35,2,5,,5,35,26,13
5,土城,2022-12-02,28,0,3,,5,28,28,1
4,新店,2022-12-02,26,2,3,,3,25,26,4
3,萬里,2022-12-02,35,0,1,,23,5,35,16
2,汐止,2022-12-02,37,2,2,,3,37,30,1
1,基隆,2022-12-02,37,2,2,,7,37,32,6
85,大城,2022-12-01,35,2,1,,15,7,35,25
84,富貴角,2022-12-01,38,0,1,,25,0,38,15
83,麥寮,2022-12-01,28,8,1,,28,12,,23
80,關山,2022-12-01,28,2,1,,5,8,28,12
78,馬公,2022-12-01,34,0,1,,17,2,34,18
77,金門,2022-12-01,23,5,2,,14,20,23,19
75,馬祖,2022-12-01,22,0,2,,6,10,22,14
72,埔里,2022-12-01,44,5,2,,20,20,44,25
71,復興,2022-12-01,48,5,7,,42,45,,48
70,永和,2022-12-01,25,0,6,,5,25,,14
69,竹山,2022-12-01,43,2,2,,21,30,43,21
68,中壢,2022-12-01,45,2,7,,8,45,,19
67,三重,2022-12-01,47,2,9,,7,47,,8
66,冬山,2022-12-01,30,0,1,,,13,30,2
65,宜蘭,2022-12-01,28,2,2,,3,12,28,5
64,陽明,2022-12-01,33,2,1,,4,2,33,2
63,花蓮,2022-12-01,30,2,2,,13,18,30,9
62,臺東,2022-12-01,30,2,2,,11,12,30,6
61,恆春,2022-12-01,36,2,1,,4,2,36,6
60,潮州,2022-12-01,104,10,3,,50,28,104,66
59,屏東,2022-12-01,71,10,3,,49,30,71,59
58,小港,2022-12-01,61,10,5,,47,52,39,61
57,前鎮,2022-12-01,55,8,6,,46,43,,55
56,前金,2022-12-01,48,2,3,,38,35,48,44
54,左營,2022-12-01,44,8,3,,39,30,44,41
53,楠梓,2022-12-01,47,5,3,,40,35,47,37
52,林園,2022-12-01,54,18,5,,49,52,54,43
51,大寮,2022-12-01,56,12,5,,48,40,50,56
50,鳳山,2022-12-01,58,10,8,,40,53,,58
49,仁武,2022-12-01,46,8,3,,35,40,46,46
48,橋頭,2022-12-01,45,5,2,,36,37,45,45
47,美濃,2022-12-01,58,5,2,,34,18,58,42
46,臺南,2022-12-01,41,2,6,,29,32,38,41
45,安南,2022-12-01,39,2,2,,32,23,39,27
44,善化,2022-12-01,39,5,1,,20,23,39,24
43,新營,2022-12-01,38,5,2,,27,22,38,20
42,嘉義,2022-12-01,36,8,3,,23,28,36,20
41,臺西,2022-12-01,22,2,1,,22,8,,18
40,朴子,2022-12-01,37,8,2,,29,20,37,30
39,新港,2022-12-01,34,5,2,,28,17,34,22
38,崙背,2022-12-01,28,5,2,,28,22,28,21
37,斗六,2022-12-01,36,5,2,,20,25,36,21
36,南投,2022-12-01,30,0,2,,13,30,30,16
35,二林,2022-12-01,32,8,2,,32,17,29,18
34,線西,2022-12-01,20,5,3,,18,17,,20
33,彰化,2022-12-01,30,2,2,,18,30,26,17
32,西屯,2022-12-01,29,2,1,,10,20,29,12
31,忠明,2022-12-01,26,5,2,,10,25,26,10
30,大里,2022-12-01,27,5,2,,11,27,25,8
29,沙鹿,2022-12-01,28,2,2,,12,18,28,11
28,豐原,2022-12-01,19,0,1,,7,12,19,13
27,三義,2022-12-01,26,2,1,,6,10,26,9
26,苗栗,2022-12-01,27,2,1,,7,20,27,10
25,頭份,2022-12-01,22,5,2,,5,22,,11
24,新竹,2022-12-01,25,2,2,,8,20,25,13
23,竹東,2022-12-01,28,0,1,,5,12,28,12
22,湖口,2022-12-01,28,2,1,,9,13,28,11
21,龍潭,2022-12-01,26,2,2,,1,17,26,0
20,平鎮,2022-12-01,38,2,3,,6,38,22,20
19,觀音,2022-12-01,31,2,1,,15,8,31,15
18,大園,2022-12-01,40,8,1,,12,40,25,16
17,桃園,2022-12-01,28,5,3,,4,28,24,6
16,大同,2022-12-01,52,2,9,,15,52,,21
15,松山,2022-12-01,37,2,2,,8,37,25,1
14,古亭,2022-12-01,26,0,2,,4,25,26,11
13,萬華,2022-12-01,37,2,3,,4,37,25,12
12,中山,2022-12-01,37,0,3,,5,37,24,7
11,士林,2022-12-01,28,0,1,,3,15,28,6
10,淡水,2022-12-01,29,2,1,,2,7,29,4
9,林口,2022-12-01,33,0,1,,6,33,24,4
8,菜寮,2022-12-01,26,0,3,,3,23,26,8
7,新莊,2022-12-01,27,0,2,,7,27,25,6
6,板橋,2022-12-01,35,2,3,,3,35,24,10
5,土城,2022-12-01,25,0,2,,5,25,25,1
4,新店,2022-12-01,28,0,3,,4,28,24,5
3,萬里,2022-12-01,35,0,1,,33,3,35,18
2,汐止,2022-12-01,27,2,1,,1,17,27,1
1,基隆,2022-12-01,32,2,1,,7,5,32,8
85,大城,2022-11-30,34,2,2,,26,18,34,31
84,富貴角,2022-11-30,38,0,1,,30,2,38,22
83,麥寮,2022-11-30,56,2,2,,56,20,,38
80,關山,2022-11-30,31,2,1,,17,7,31,12
78,馬公,2022-11-30,34,0,1,,20,7,34,15
77,金門,2022-11-30,26,2,2,,21,23,26,17
75,馬祖,2022-11-30,27,0,2,,11,7,27,20
72,埔里,2022-11-30,40,2,2,,16,18,40,22
71,復興,2022-11-30,60,5,7,,55,50,,60
70,永和,2022-11-30,23,0,5,,6,23,,19
69,竹山,2022-11-30,44,2,2,,22,25,44,26
68,中壢,2022-11-30,37,2,8,,15,37,,22
67,三重,2022-11-30,52,2,9,,8,52,,11
66,冬山,2022-11-30,30,0,2,,10,17,30,3
65,宜蘭,2022-11-30,29,2,2,,8,13,29,12
64,陽明,2022-11-30,32,2,2,,3,2,32,3
63,花蓮,2022-11-30,31,2,2,,16,13,31,15
62,臺東,2022-11-30,31,0,1,,16,8,31,9
61,恆春,2022-11-30,36,0,1,,6,0,36,9
60,潮州,2022-11-30,58,5,3,,38,33,58,48
59,屏東,2022-11-30,56,5,3,,45,27,51,56
58,小港,2022-11-30,69,8,5,,57,52,41,69
57,前鎮,2022-11-30,70,5,6,,64,50,,70
56,前金,2022-11-30,67,2,3,,59,37,44,67
54,左營,2022-11-30,59,5,3,,58,30,42,59
53,楠梓,2022-11-30,56,5,3,,56,32,42,53
52,林園,2022-11-30,60,8,3,,60,38,50,51
51,大寮,2022-11-30,67,8,3,,52,43,54,67
50,鳳山,2022-11-30,69,10,8,,52,54,,69
49,仁武,2022-11-30,61,10,3,,49,35,42,61
48,橋頭,2022-11-30,65,5,3,,60,28,42,65
47,美濃,2022-11-30,48,2,2,,34,18,48,39
46,臺南,2022-11-30,64,2,6,,51,38,36,64
45,安南,2022-11-30,59,2,3,,59,23,34,57
44,善化,2022-11-30,46,2,2,,41,27,38,46
43,新營,2022-11-30,50,2,2,,50,33,37,40
42,嘉義,2022-11-30,42,8,3,,37,35,36,42
41,臺西,2022-11-30,43,2,2,,43,18,,32
40,朴子,2022-11-30,60,5,3,,60,17,34,47
39,新港,2022-11-30,66,5,2,,66,25,34,44
38,崙背,2022-11-30,57,5,2,,57,18,29,42
37,斗六,2022-11-30,39,2,2,,32,30,39,35
36,南投,2022-11-30,32,2,3,,22,32,32,21
35,二林,2022-11-30,61,5,2,,61,20,29,28
34,線西,2022-11-30,40,5,3,,40,23,,30
33,彰化,2022-11-30,37,2,2,,37,33,26,26
32,西屯,2022-11-30,31,2,2,,19,25,31,19
31,忠明,2022-11-30,30,2,2,,19,23,30,15
30,大里,2022-11-30,30,5,2,,20,22,30,14
29,沙鹿,2022-11-30,31,2,2,,20,23,31,19
28,豐原,2022-11-30,23,0,2,,11,13,23,20
27,三義,2022-11-30,31,0,2,,9,23,31,13
26,苗栗,2022-11-30,30,5,2,,14,17,30,18
25,頭份,2022-11-30,20,5,2,,13,20,,14
24,新竹,2022-11-30,26,2,2,,12,18,26,16
23,竹東,2022-11-30,31,0,2,,13,22,31,15
22,湖口,2022-11-30,28,0,2,,12,12,28,15
21,龍潭,2022-11-30,29,2,2,,5,18,29,1
20,平鎮,2022-11-30,32,2,2,,8,32,25,19
19,觀音,2022-11-30,31,2,2,,16,7,31,17
18,大園,2022-11-30,32,5,2,,15,32,29,25
17,桃園,2022-11-30,26,5,2,,8,22,26,7
16,大同,2022-11-30,45,2,7,,9,45,,14
15,松山,2022-11-30,33,2,2,,10,33,28,5
